Transaction_Date,Post_Date,Description,Category,Type,Amount
10/1/2019,10/3/2019,MACHETTE TEQUILA  TACOS C,Food & Drink,Sale,-22.94
10/1/2019,10/2/2019,PEETS #34408,Food & Drink,Sale,-6.55
9/29/2019,10/1/2019,STARBUCKS STORE 10317,Food & Drink,Sale,-11.07
9/29/2019,9/30/2019,KING SOOPERS 0124,Groceries,Sale,-15.77
9/29/2019,9/30/2019,COSTCO WHSE #0439,Shopping,Sale,-41.47
9/28/2019,9/30/2019,STARBUCKS STORE 26930,Food & Drink,Sale,-5.04
9/27/2019,9/29/2019,PINKBERRY 91,Food & Drink,Sale,-5.99
9/27/2019,9/29/2019,BRICK OVEN PIZZA - CRE,Food & Drink,Sale,-42.64
9/28/2019,9/29/2019,SQ *COFFEE LAB,Food & Drink,Sale,-8.27
9/28/2019,9/29/2019,BUTTE BAGELS,Food & Drink,Sale,-11
9/26/2019,9/29/2019,KING SOOPERS 0124,Groceries,Sale,-12.44
9/25/2019,9/27/2019,GARBANZO MEDITERRANEAN06,Food & Drink,Sale,-11.34
9/26/2019,9/27/2019,PEET'S #13308,Food & Drink,Sale,-6.6
9/26/2019,9/27/2019,KING SOOPERS FUEL 0661,Gas,Sale,-24
9/26/2019,9/26/2019,Payment Thank You-Mobile,,Payment,535.37
9/25/2019,9/26/2019,PEETS #34408,Food & Drink,Sale,-6.55
9/19/2019,9/25/2019,TARGET        00018069,Groceries,Sale,-5.96
9/23/2019,9/24/2019,KING SOOPERS 0124,Groceries,Sale,-13.68
9/23/2019,9/24/2019,KING SOOPERS 0124,Groceries,Sale,-3.23
9/22/2019,9/23/2019,COSTCO WHSE #0439,Shopping,Sale,-71.56
9/22/2019,9/23/2019,PEETS #34408,Food & Drink,Sale,-6.33
9/21/2019,9/23/2019,MACHETE WYNKOOP,Food & Drink,Sale,-35.27
9/21/2019,9/22/2019,TST* MILE HIGH HAMBURGER,Food & Drink,Sale,-20.68
9/21/2019,9/22/2019,KING SOOPERS 0124,Groceries,Sale,-14.76
9/21/2019,9/22/2019,PEETS #34408,Food & Drink,Sale,-6.33
9/18/2019,9/20/2019,BULL AND BUSH,Food & Drink,Sale,-20
9/18/2019,9/19/2019,KING SOOPERS 0124,Groceries,Sale,-10.02
9/17/2019,9/19/2019,FLOYD'S 99 BARBERSHOP,Personal,Sale,-8
9/17/2019,9/18/2019,PEETS #34408,Food & Drink,Sale,-5.83
9/15/2019,9/16/2019,COSTCO WHSE #0439,Shopping,Sale,-37.43
9/15/2019,9/16/2019,GARBANZO MEDITERRANEAN06,Food & Drink,Sale,-11.34
9/15/2019,9/16/2019,NEW IMAGE RESTAURANT AND,Food & Drink,Sale,-33.07
9/15/2019,9/16/2019,KING SOOPERS 0124,Groceries,Sale,-16.14
9/14/2019,9/16/2019,MACHETE WYNKOOP,Food & Drink,Sale,-13.88
9/15/2019,9/16/2019,ELEVATED SELTZER,Food & Drink,Sale,-8
9/14/2019,9/15/2019,PEETS #34408,Food & Drink,Sale,-6.33
9/13/2019,9/13/2019,Payment Thank You-Mobile,,Payment,400
9/12/2019,9/13/2019,KING SOOPERS FUEL 0661,Gas,Sale,-21
9/11/2019,9/12/2019,TARGET        00018069,Groceries,Sale,-7.4
9/7/2019,9/12/2019,GARBANZO MEDITERRANEAN06,Food & Drink,Sale,-11.34
9/10/2019,9/11/2019,SQ *WASH PERK,Groceries,Sale,-7
9/8/2019,9/10/2019,STARBUCKS STORE 10317,Food & Drink,Sale,-10.53
9/9/2019,9/10/2019,COSTCO WHSE #0480,Shopping,Sale,-81.74
9/8/2019,9/9/2019,SQ *KOGLER SPORTS ADVENTU,Travel,Sale,-6
9/8/2019,9/9/2019,SQ *PETER KAISER,Groceries,Sale,-9
9/7/2019,9/8/2019,KING SOOPERS 0124,Groceries,Sale,-9.23
9/4/2019,9/6/2019,BULL AND BUSH,Food & Drink,Sale,-17.05
9/4/2019,9/5/2019,KING SOOPERS 0124,Groceries,Sale,-8.9
9/3/2019,9/4/2019,SQ *WASH PERK,Groceries,Sale,-7
9/3/2019,9/4/2019,COSTCO WHSE #1027,Shopping,Sale,-30.95
9/3/2019,9/4/2019,MACHETTE TEQUILA  TACOS C,Food & Drink,Sale,-19.66
9/2/2019,9/3/2019,KING SOOPERS 0124,Groceries,Sale,-20.61
9/2/2019,9/3/2019,SQ *WASH PERK,Groceries,Sale,-6
9/1/2019,9/2/2019,SQ *BEAN SCENE CAFE,Food & Drink,Sale,-15.02
9/1/2019,9/2/2019,GARBANZO MEDITERRANEAN06,Food & Drink,Sale,-11.34
8/30/2019,9/1/2019,VITALITY BOWLS - 007,Food & Drink,Sale,-17.07
8/31/2019,9/1/2019,SQ *BEAN SCENE CAFE,Food & Drink,Sale,-18.06
8/31/2019,9/1/2019,SQ *TILDEN HOTEL,Food & Drink,Sale,-17.94
8/30/2019,9/1/2019,SSA MONTEREY BAY AQUARIUM,Food & Drink,Sale,-28.04
8/30/2019,9/1/2019,FIBBAR MAGEES,Food & Drink,Sale,-13
8/29/2019,9/1/2019,CARIBOU COFFEE CNCRSE,Food & Drink,Sale,-5.45
8/30/2019,9/1/2019,SQ *PHILZ COFFEE,Food & Drink,Sale,-6.44
8/31/2019,9/1/2019,SQ *TADU ETHIOPIAN KITCHE,Food & Drink,Sale,-17.3
8/30/2019,8/30/2019,Payment Thank You-Mobile,,Payment,369.63
8/28/2019,8/30/2019,BULL AND BUSH,Food & Drink,Sale,-20
8/28/2019,8/29/2019,KING SOOPERS 0124,Groceries,Sale,-13.91
8/27/2019,8/28/2019,SQ *WASH PERK,Groceries,Sale,-7
8/27/2019,8/28/2019,KING SOOPERS FUEL 0661,Gas,Sale,-22.2
8/26/2019,8/27/2019,COSTCO WHSE #0480,Shopping,Sale,-56.22
8/25/2019,8/27/2019,SPIRIT HOUND DISTILLERS,Food & Drink,Sale,-12
8/25/2019,8/26/2019,PEET'S #13308,Food & Drink,Sale,-6.71
8/25/2019,8/26/2019,KING SOOPERS 0124,Groceries,Sale,-12.27
8/24/2019,8/25/2019,TST* MILE HIGH HAMBURGER,Food & Drink,Sale,-70.28
8/22/2019,8/23/2019,KING SOOPERS 0124,Groceries,Sale,-11.69
8/20/2019,8/21/2019,KING SOOPERS 0124,Groceries,Sale,-4.18
8/18/2019,8/19/2019,SQ *HIGHLANDS CORK AND CA,Groceries,Sale,-13.54
8/18/2019,8/19/2019,KING SOOPERS 0124,Groceries,Sale,-9.33
8/18/2019,8/19/2019,COSTCO WHSE #0439,Shopping,Sale,-44.94
8/17/2019,8/19/2019,90112 - CITY OF MANITOU S,Travel,Sale,-2
8/18/2019,8/18/2019,Payment Thank You-Mobile,,Payment,400
8/16/2019,8/18/2019,SQ *WASH PERK,Groceries,Sale,-6
8/16/2019,8/18/2019,UNITED      0162468000739,Travel,Sale,-98.3
8/17/2019,8/18/2019,KUM &amp; GO #665,Gas,Sale,-21.5
8/15/2019,8/16/2019,FRONTIER AI H6897C,Travel,Sale,-63.3
8/15/2019,8/16/2019,KING SOOPERS 0124,Groceries,Sale,-10.6
8/13/2019,8/15/2019,MACHETTE TEQUILA  TACOS C,Food & Drink,Sale,-18.91
8/13/2019,8/14/2019,SQ *OZO COFFEE COMPANY,Food & Drink,Sale,-5.9
8/12/2019,8/13/2019,KING SOOPERS 0724 FUEL,Gas,Sale,-20.5
8/10/2019,8/12/2019,SAFEWAY #1463,Groceries,Sale,-8.36
8/10/2019,8/12/2019,ILLEGAL PETES,Food & Drink,Sale,-6.93
8/11/2019,8/12/2019,COSTCO WHSE #0439,Shopping,Sale,-62.78
8/11/2019,8/12/2019,KING SOOPERS 0124,Groceries,Sale,-13.79
8/7/2019,8/8/2019,KING SOOPERS 0124,Groceries,Sale,-11.52
8/6/2019,8/6/2019,Payment Thank You-Mobile,,Payment,441.64
8/4/2019,8/6/2019,AC DBC FS PIZZA BROADWAY,Food & Drink,Sale,-12.13
8/4/2019,8/5/2019,COSTCO WHSE #1027,Shopping,Sale,-39.28
8/3/2019,8/4/2019,COSTCO GAS #0439,Gas,Sale,-22
8/2/2019,8/4/2019,CITY MARKET 0446,Groceries,Sale,-3.07
8/1/2019,8/4/2019,MILE HIGH HONDA ACURA/MIT,Automotive,Sale,-89.52
8/2/2019,8/4/2019,STARBUCKS STORE 10317,Food & Drink,Sale,-5.05
8/1/2019,8/4/2019,KING SOOPERS 0124,Groceries,Sale,-14.31
8/3/2019,8/4/2019,SQ *WASH PERK,Groceries,Sale,-6
8/3/2019,8/4/2019,TST* PARK &amp; CO,Food & Drink,Sale,-19.15
8/1/2019,8/2/2019,COSTCO WHSE #0439,Shopping,Sale,-8.79
7/30/2019,7/31/2019,H&amp;M0241,Shopping,Sale,-7.57
7/29/2019,7/30/2019,SQ *WASH PERK,Groceries,Sale,-6
7/28/2019,7/29/2019,KING SOOPERS 0124,Groceries,Sale,-11.24
7/28/2019,7/29/2019,SQ *WASH PERK,Groceries,Sale,-7
7/27/2019,7/29/2019,SAFEWAY #1463,Groceries,Sale,-3.99
7/26/2019,7/28/2019,SQ *WASH PERK,Groceries,Sale,-6
7/25/2019,7/28/2019,CREPES N CREPES CC,Food & Drink,Sale,-13.37
7/26/2019,7/28/2019,STEUBENS 17TH,Food & Drink,Sale,-24.52
7/27/2019,7/28/2019,KALADI COFFEE CO,Food & Drink,Sale,-6
7/25/2019,7/28/2019,STARBUCKS STORE 00237,Food & Drink,Sale,-5.02
7/26/2019,7/26/2019,Payment Thank You-Mobile,,Payment,200
7/25/2019,7/26/2019,KING SOOPERS 0124,Groceries,Sale,-15.45
7/24/2019,7/25/2019,SQ *WASH PERK,Groceries,Sale,-6
7/21/2019,7/23/2019,LOS CHINGONES,Food & Drink,Sale,-32
7/21/2019,7/23/2019,RTD COLORADO,Travel,Sale,-6
7/21/2019,7/23/2019,DEATH &amp; CO DENVER LLC,Food & Drink,Sale,-18.74
7/22/2019,7/23/2019,SQ *WASH PERK,Groceries,Sale,-7
7/21/2019,7/22/2019,COSTCO GAS #1027,Gas,Sale,-22.3
7/21/2019,7/22/2019,COSTCO WHSE #1027,Shopping,Sale,-45.09
7/20/2019,7/21/2019,KALADI COFFEE CO,Food & Drink,Sale,-6
7/19/2019,7/21/2019,SWEET COW DENVER HIGHLAND,Food & Drink,Sale,-8.83
7/19/2019,7/21/2019,SQ *WASH PERK,Groceries,Sale,-7
7/19/2019,7/21/2019,KING SOOPERS 0124,Groceries,Sale,-15.71
7/16/2019,7/19/2019,GARBANZO MEDITERRANEAN,Food & Drink,Sale,-11.34
7/18/2019,7/19/2019,SQ *WASH PERK,Groceries,Sale,-6
7/16/2019,7/18/2019,STARBUCKS STORE 00277,Food & Drink,Sale,-5.02
7/15/2019,7/17/2019,FLOYD'S 99 BARBERSHOP,Personal,Sale,-29.5
7/16/2019,7/16/2019,Payment Thank You-Mobile,,Payment,200
7/15/2019,7/16/2019,SQ *WASH PERK,Groceries,Sale,-6
7/15/2019,7/16/2019,COSTCO WHSE #1027,Shopping,Sale,-62.95
7/14/2019,7/15/2019,TST* AGAVE TACO BAR,Food & Drink,Sale,-25
7/14/2019,7/15/2019,COSTCO WHSE #0676,Shopping,Sale,-4.15
7/13/2019,7/14/2019,KALADI COFFEE CO,Food & Drink,Sale,-5
7/13/2019,7/14/2019,SQ *SWEET ACTION ICE CREA,Food & Drink,Sale,-6.67
7/13/2019,7/14/2019,SQ *THE BLOCK DISTILLING,Groceries,Sale,-10
7/12/2019,7/14/2019,SQ *WASH PERK,Groceries,Sale,-6
7/12/2019,7/14/2019,KING SOOPERS 0124,Groceries,Sale,-2.14
7/12/2019,7/14/2019,KING SOOPERS 0124,Groceries,Sale,-14.45
7/11/2019,7/14/2019,STARBUCKS STORE 00253,Food & Drink,Sale,-5.02
7/11/2019,7/12/2019,KING SOOPERS 0124,Groceries,Sale,-3.43
7/10/2019,7/11/2019,SQ *WASH PERK,Groceries,Sale,-5
7/8/2019,7/10/2019,STARBUCKS STORE 00237,Food & Drink,Sale,-5.02
7/9/2019,7/10/2019,GARBANZO MEDITERRANEAN,Food & Drink,Sale,-11.34
7/8/2019,7/9/2019,KING SOOPERS 0124,Groceries,Sale,-11.81
7/7/2019,7/8/2019,COSTCO WHSE #1027,Shopping,Sale,-67.29
7/6/2019,7/8/2019,SAFEWAY #1463,Groceries,Sale,-0.72
7/7/2019,7/8/2019,COSTCO GAS #1027,Gas,Sale,-23
7/7/2019,7/8/2019,SQ *WASH PERK,Groceries,Sale,-7
7/5/2019,7/7/2019,GARBANZO MEDITERRANEAN,Food & Drink,Sale,-11.34
7/6/2019,7/7/2019,KALADI COFFEE CO,Food & Drink,Sale,-6
7/6/2019,7/7/2019,SQ *AMERICAN CULTURES,Groceries,Sale,-6.48
7/6/2019,7/7/2019,SQ *LITTLE MAN ICE CREAM,Food & Drink,Sale,-5.86
7/4/2019,7/7/2019,STARBUCKS STORE 00253,Food & Drink,Sale,-5.02
7/2/2019,7/4/2019,ILLEGAL PETES,Food & Drink,Sale,-10
7/2/2019,7/3/2019,KING SOOPERS 0124,Groceries,Sale,-10.63
7/1/2019,7/2/2019,SQ *OZO COFFEE COMPANY,Food & Drink,Sale,-4.69
6/30/2019,7/1/2019,AJINOYA RAMEN,Food & Drink,Sale,-14.91
6/29/2019,7/1/2019,KALADI COFFEE CO,Food & Drink,Sale,-5
6/29/2019,7/1/2019,D Bar Denver,Food & Drink,Sale,-34.7
6/30/2019,7/1/2019,COSTCO WHSE #0439,Shopping,Sale,-50.03
6/28/2019,6/30/2019,MACHETE CHERRY CREEK,Food & Drink,Sale,-28.06
6/27/2019,6/30/2019,TOWN OF BRECKENRIDGE PARK,Travel,Sale,-1
6/29/2019,6/30/2019,SQ *AMERICAN CULTURES,Groceries,Sale,-7.48
6/30/2019,6/30/2019,Payment Thank You-Mobile,,Payment,222.89
6/26/2019,6/28/2019,STARBUCKS STORE 00277,Food & Drink,Sale,-5.02
6/27/2019,6/28/2019,TST* BUTTERHORN BAKERY &amp;,Food & Drink,Sale,-22.67
6/25/2019,6/27/2019,STARBUCKS STORE 00253,Food & Drink,Sale,-5.02
6/26/2019,6/26/2019,Payment Thank You-Mobile,,Payment,200
6/24/2019,6/25/2019,KALADI COFFEE CO,Food & Drink,Sale,-6
6/24/2019,6/25/2019,COSTCO WHSE #1027,Shopping,Sale,-55.42
6/24/2019,6/25/2019,KING SOOPERS 0111,Groceries,Sale,-12.46
6/23/2019,6/25/2019,JELLY CAFE,Food & Drink,Sale,-40.83
6/23/2019,6/24/2019,KING SOOPERS 0124,Groceries,Sale,-6.81
6/21/2019,6/23/2019,LITTLE MAN ICE CREAM,Food & Drink,Sale,-9.04
6/22/2019,6/23/2019,KALADI COFFEE CO,Food & Drink,Sale,-6
6/20/2019,6/23/2019,BIRD APP,Travel,Sale,-20
6/20/2019,6/23/2019,STARBUCKS STORE 00277,Food & Drink,Sale,-5.02
6/18/2019,6/19/2019,KING SOOPERS 0124,Groceries,Sale,-14.93
6/16/2019,6/18/2019,TRIANGLE BAR,Food & Drink,Sale,-15
6/16/2019,6/18/2019,STARBUCKS STORE 00253,Food & Drink,Sale,-5.02
6/17/2019,6/18/2019,COSTCO GAS #0439,Gas,Sale,-23.2
6/17/2019,6/18/2019,COSTCO WHSE #0439,Shopping,Sale,-75.44
6/16/2019,6/18/2019,TRIANGLE BAR,Food & Drink,Sale,-3
6/17/2019,6/17/2019,Payment Thank You-Mobile,,Payment,300
6/15/2019,6/17/2019,CHARLIE'S DENVER,Food & Drink,Sale,-10
6/16/2019,6/17/2019,SQ *X BAR,Food & Drink,Sale,-5
6/16/2019,6/17/2019,CHIPOTLE 0009,Food & Drink,Sale,-9.72
6/15/2019,6/17/2019,MILE HIGH HAMBURGER MARYS,Food & Drink,Sale,-24.07
6/14/2019,6/16/2019,GARBANZO MED GRILL,Food & Drink,Sale,-11.34
6/14/2019,6/16/2019,TRIANGLE BAR,Food & Drink,Sale,-30
6/14/2019,6/16/2019,SQ *THUMP COFFEE DENVER ,Food & Drink,Sale,-6.39
6/13/2019,6/14/2019,EXDO EVENTS,Entertainment,Sale,-6.5
6/13/2019,6/14/2019,KING SOOPERS 0124,Groceries,Sale,-8.81
6/7/2019,6/13/2019,JELLY CAFE,Food & Drink,Sale,-17.22
6/11/2019,6/12/2019,SQ *CREMA COFFEE HOUSE,Food & Drink,Sale,-6.5
6/10/2019,6/11/2019,COSTCO WHSE #0439,Shopping,Sale,-49.28
6/7/2019,6/10/2019,CHARLIE'S DENVER,Food & Drink,Sale,-5
6/9/2019,6/10/2019,TASTE OF THAILAND,Food & Drink,Sale,-21.05
6/6/2019,6/9/2019,FLOYDS 99 BARBERSHOP,Personal,Sale,-27.5
6/5/2019,6/7/2019,STARBUCKS STORE 00253,Food & Drink,Sale,-5.02
6/4/2019,6/5/2019,KING SOOPERS 0124,Groceries,Sale,-13.69
6/4/2019,6/5/2019,MACHETTE TEQUILA  TACOS C,Food & Drink,Sale,-17.01
6/3/2019,6/4/2019,KALADI COFFEE CO,Food & Drink,Sale,-5.4
6/3/2019,6/4/2019,COSTCO WHSE #1027,Shopping,Sale,-74.57
6/2/2019,6/4/2019,The Hornet Restaurant,Food & Drink,Sale,-20.82
6/1/2019,6/3/2019,STEUBENS 17TH,Food & Drink,Sale,-21.82
6/2/2019,6/3/2019,GARBANZO MED GRILL,Food & Drink,Sale,-11.34
5/31/2019,6/2/2019,GARBANZO MED GRILL,Food & Drink,Sale,-11.34
6/1/2019,6/2/2019,Payment Thank You-Mobile,,Payment,266.88
5/31/2019,6/2/2019,STINKER #314,Gas,Sale,-26.56
6/1/2019,6/2/2019,KALADI COFFEE CO,Food & Drink,Sale,-6
5/31/2019,6/2/2019,REI #18 DENVER,Shopping,Sale,-2.17
5/28/2019,5/29/2019,TST* PARK &amp; CO,Food & Drink,Sale,-15.93
5/28/2019,5/29/2019,MACHETTE TEQUILA  TACOS C,Food & Drink,Sale,-12.75
5/26/2019,5/28/2019,MILE HIGH HAMBURGER MARYS,Food & Drink,Sale,-19.95
5/27/2019,5/28/2019,KING SOOPERS 0124,Groceries,Sale,-11.34
5/26/2019,5/27/2019,LITTLE MAN ICE CREAM,Food & Drink,Sale,-20.36
5/26/2019,5/27/2019,KING SOOPERS 0124,Groceries,Sale,-4.91
5/24/2019,5/26/2019,COSTCO WHSE #1027,Shopping,Sale,-70.8
5/24/2019,5/26/2019,KALADI COFFEE CO,Food & Drink,Sale,-6
5/24/2019,5/26/2019,TST* SAM S NO. 3 - GLENDA,Food & Drink,Sale,-15.58
5/23/2019,5/26/2019,KING SOOPERS 0124,Groceries,Sale,-7.54
5/21/2019,5/23/2019,MACHETE CHERRY CREEK,Food & Drink,Sale,-19
5/19/2019,5/21/2019,RTD DUS COM RAIL,Travel,Sale,-6
5/19/2019,5/21/2019,The Lobby Restaurant,Food & Drink,Sale,-36.24
5/20/2019,5/21/2019,KING SOOPERS 0124,Groceries,Sale,-16.87
5/20/2019,5/21/2019,PHO ON 6,Food & Drink,Sale,-23.98
5/17/2019,5/20/2019,CHARLIE'S DENVER,Food & Drink,Sale,-5
5/18/2019,5/20/2019,STARBUCKS STORE 00277,Food & Drink,Sale,-5.02
5/18/2019,5/20/2019,OLD CHICAGO COLORADO BLV,Food & Drink,Sale,-16.45
5/17/2019,5/19/2019,THE DENVER BICYCLE CAFE,Shopping,Sale,-10.29
5/17/2019,5/19/2019,STEUBENS 17TH,Food & Drink,Sale,-17.58
5/16/2019,5/17/2019,GARBANZO MED GRILL,Food & Drink,Sale,-11.34
5/16/2019,5/16/2019,Payment Thank You-Mobile,,Payment,400
5/15/2019,5/16/2019,SQ *HIGHLANDS CORK AND CA,Groceries,Sale,-12.36
5/14/2019,5/15/2019,KING SOOPERS 0124,Groceries,Sale,-14.57
5/14/2019,5/15/2019,KING SOOPERS 0124,Groceries,Sale,-3.39
5/13/2019,5/14/2019,COSTCO WHSE #1027,Shopping,Sale,-47.35
5/13/2019,5/14/2019,KALADI COFFEE CO,Food & Drink,Sale,-6
5/11/2019,5/13/2019,MILE HIGH HAMBURGER MARYS,Food & Drink,Sale,-18.07
5/11/2019,5/13/2019,FLOYDS 99 BARBERSHOP,Personal,Sale,-34.5
5/12/2019,5/13/2019,THE MARKET RESTAURANT,Food & Drink,Sale,-24.82
5/11/2019,5/13/2019,CHARLIE'S DENVER,Food & Drink,Sale,-5
5/10/2019,5/12/2019,KALADI COFFEE CO,Food & Drink,Sale,-6
5/11/2019,5/12/2019,KING SOOPERS 0724 FUEL,Gas,Sale,-26.02
5/8/2019,5/10/2019,SAFEWAY #1463,Groceries,Sale,-2.49
5/9/2019,5/10/2019,KALADI COFFEE CO,Food & Drink,Sale,-6.08
5/9/2019,5/10/2019,PHO ON 6,Food & Drink,Sale,-24.79
5/8/2019,5/9/2019,KALADI COFFEE CO,Food & Drink,Sale,-5
5/7/2019,5/8/2019,MACHETE CHERRY CREEK,Food & Drink,Sale,-28.76
5/7/2019,5/7/2019,Payment Thank You-Mobile,,Payment,200
5/6/2019,5/7/2019,KING SOOPERS 0021,Groceries,Sale,-8.9
5/5/2019,5/6/2019,TACOS TEQUILA WHISKEY - C,Food & Drink,Sale,-21.01
5/4/2019,5/6/2019,CHARLIE'S DENVER,Food & Drink,Sale,-5
5/5/2019,5/6/2019,COSTCO WHSE #1027,Shopping,Sale,-66.92
5/4/2019,5/6/2019,SCRUMPTIOUS,Food & Drink,Sale,-4.32
5/3/2019,5/5/2019,ILLEGAL PETES,Food & Drink,Sale,-6
5/3/2019,5/5/2019,GARBANZO MED GRILL,Food & Drink,Sale,-11.34
5/1/2019,5/3/2019,ILLEGAL PETES,Food & Drink,Sale,-7
5/2/2019,5/3/2019,TST* SAM S NO. 3 - GLENDA,Food & Drink,Sale,-12.95
4/30/2019,5/2/2019,ILLEGAL PETES,Food & Drink,Sale,-7
5/1/2019,5/2/2019,KING SOOPERS 0124,Groceries,Sale,-15.05
5/1/2019,5/2/2019,KALADI COFFEE CO,Food & Drink,Sale,-4.86
4/30/2019,5/1/2019,KALADI COFFEE CO,Food & Drink,Sale,-4.86
4/30/2019,5/1/2019,MACHETTE TEQUILA  TACOS C,Food & Drink,Sale,-19
4/30/2019,4/30/2019,Payment Thank You-Mobile,,Payment,310.73
4/28/2019,4/30/2019,BAD DADDY'S BURGER BAR,Food & Drink,Sale,-19.09
4/29/2019,4/30/2019,KING SOOPERS FUEL 0661,Gas,Sale,-23.3
4/29/2019,4/30/2019,SQ *LAUGHING GOAT COFFEEH,Food & Drink,Sale,-4.35
4/27/2019,4/29/2019,GREEN RUSSELL,Food & Drink,Sale,-16.54
4/27/2019,4/29/2019,LE MERIDIEN DENVER DOWNTO,Food & Drink,Sale,-16.04
4/27/2019,4/29/2019,HYATT REG DENVER CC F&amp;B,Food & Drink,Sale,-16.04
4/27/2019,4/29/2019,MACHETE WYNKOOP,Food & Drink,Sale,-33.49
4/26/2019,4/28/2019,ILLEGAL PETES,Food & Drink,Sale,-10
4/27/2019,4/28/2019,THE MARKET RESTAURANT,Food & Drink,Sale,-4.53
4/26/2019,4/28/2019,STEUBENS 17TH,Food & Drink,Sale,-17.58
4/26/2019,4/28/2019,KING SOOPERS 0124,Groceries,Sale,-24.24
4/26/2019,4/28/2019,SQ *LIKS ICE CREAM,Food & Drink,Sale,-7.36
4/26/2019,4/28/2019,SQ *STEAM ESPRESSO BAR,Food & Drink,Sale,-5.86
4/25/2019,4/26/2019,KALADI COFFEE CO,Food & Drink,Sale,-4.86
4/24/2019,4/25/2019,COSTCO WHSE #0439,Shopping,Sale,-47.18
4/24/2019,4/25/2019,KALADI COFFEE CO,Food & Drink,Sale,-4.86
4/23/2019,4/24/2019,MACHETTE TEQUILA  TACOS C,Food & Drink,Sale,-21.56
4/23/2019,4/24/2019,KALADI COFFEE CO,Food & Drink,Sale,-5
4/23/2019,4/23/2019,Payment Thank You-Mobile,,Payment,350
4/22/2019,4/23/2019,NEW TIME CORPORATION,Food & Drink,Sale,-12.77
4/21/2019,4/23/2019,BULL AND BUSH,Food & Drink,Sale,-18.4
4/21/2019,4/23/2019,THE DENVER BICYCLE CAFE,Shopping,Sale,-10.29
4/22/2019,4/23/2019,KALADI COFFEE CO,Food & Drink,Sale,-4.86
4/18/2019,4/21/2019,ILLEGAL PETES,Food & Drink,Sale,-5.39
4/18/2019,4/19/2019,KING SOOPERS 0124,Groceries,Sale,-24.03
4/15/2019,4/17/2019,KING SOOPERS 0124,Groceries,Sale,-7.05
4/15/2019,4/17/2019,KING SOOPERS 0724 FUEL,Gas,Sale,-22
4/16/2019,4/17/2019,KALADI COFFEE CO,Food & Drink,Sale,-5
4/14/2019,4/16/2019,CAKE CRUMBS,Food & Drink,Sale,-15.21
4/15/2019,4/16/2019,TST* SAM S NO.3 - CURTIS,Food & Drink,Sale,-12.95
4/13/2019,4/15/2019,THE BITTER BAR,Food & Drink,Sale,-22.89
4/13/2019,4/15/2019,PASTA JAYS BOULDER,Food & Drink,Sale,-31.7
4/13/2019,4/14/2019,COSTCO WHSE #0439,Shopping,Sale,-64.4
4/12/2019,4/14/2019,PATXIS - CHERRY CREEK,Food & Drink,Sale,-27.52
4/11/2019,4/12/2019,KALADI COFFEE CO,Food & Drink,Sale,-5
4/10/2019,4/11/2019,KALADI COFFEE CO,Food & Drink,Sale,-5
4/10/2019,4/11/2019,PHO ON 6,Food & Drink,Sale,-21.4
4/9/2019,4/10/2019,MACHETTE TEQUILA  TACOS C,Food & Drink,Sale,-23.52
4/9/2019,4/9/2019,Payment Thank You-Mobile,,Payment,500
4/7/2019,4/9/2019,STARBUCKS STORE 00253,Food & Drink,Sale,-4.27
4/7/2019,4/9/2019,GARBANZO MED GRILL,Food & Drink,Sale,-11.34
4/7/2019,4/8/2019,KING SOOPERS 0124,Groceries,Sale,-16.8
4/6/2019,4/8/2019,SASSAFRAS AMERICAN EATERY,Food & Drink,Sale,-40
4/5/2019,4/7/2019,KALADI COFFEE CO,Food & Drink,Sale,-5
4/2/2019,4/3/2019,TST* SAM S NO. 3 - GLENDA,Food & Drink,Sale,-12.95
3/31/2019,4/1/2019,COSTCO WHSE #1027,Shopping,Sale,-72.54
3/31/2019,4/1/2019,GARBANZO MED GRILL,Food & Drink,Sale,-11.34
3/31/2019,4/1/2019,COSTCO GAS #1027,Gas,Sale,-22.5
3/30/2019,4/1/2019,MACHETE CHERRY CREEK,Food & Drink,Sale,-32.13
3/31/2019,3/31/2019,Payment Thank You-Mobile,,Payment,200
3/30/2019,3/31/2019,KING SOOPERS 0124,Groceries,Sale,-20.98
3/29/2019,3/31/2019,ILLEGAL PETES,Food & Drink,Sale,-6.47
3/29/2019,3/31/2019,KALADI COFFEE CO,Food & Drink,Sale,-5
3/30/2019,3/31/2019,KING SOOPERS 0124,Groceries,Sale,-4.3
3/29/2019,3/29/2019,INFIN MONK THEO URB WIN,Food & Drink,Sale,-24.84
3/27/2019,3/29/2019,KING SOOPERS 0124,Groceries,Sale,-21.43
3/24/2019,3/25/2019,YAK AND YETI RESTAURANT A,Food & Drink,Sale,-25.83
3/24/2019,3/25/2019,LITTLE MAN ICE CREAM,Food & Drink,Sale,-10.32
3/22/2019,3/24/2019,KING SOOPERS 0124,Groceries,Sale,-6.21
3/20/2019,3/22/2019,KING SOOPERS 0124,Groceries,Sale,-8.87
3/21/2019,3/22/2019,COSTCO WHSE #0439,Shopping,Sale,-35.79
3/20/2019,3/22/2019,STEUBENS 17TH,Food & Drink,Sale,-35
3/19/2019,3/21/2019,FLOYDS 99 BARBERSHOP,Personal,Sale,-27.5
3/16/2019,3/18/2019,TARGET        00018069,Groceries,Sale,-19.32
3/16/2019,3/18/2019,THE CHERRY CRICKET,Food & Drink,Sale,-15.4
3/17/2019,3/18/2019,PUBLIC WORKS-PRKG METR,Travel,Sale,-1
3/17/2019,3/18/2019,MACHETTE TEQUILA  TACOS C,Food & Drink,Sale,-24.33
3/17/2019,3/18/2019,THE MARKET RESTAURANT,Food & Drink,Sale,-8.51
3/10/2019,3/15/2019,UA COLORADO CENTER 9,Entertainment,Return,12.89
3/12/2019,3/14/2019,KING SOOPERS 0124,Groceries,Sale,-6.25
3/12/2019,3/14/2019,STINKER #314,Gas,Sale,-21
3/13/2019,3/14/2019,NEW IMAGE RESTAURANT AND,Food & Drink,Sale,-30.83
3/10/2019,3/12/2019,UA COLORADO CENTER 9,Entertainment,Sale,-12.89
3/10/2019,3/12/2019,STARBUCKS STORE 00277,Food & Drink,Sale,-5.35
3/11/2019,3/12/2019,KALADI COFFEE CO,Food & Drink,Sale,-5
3/10/2019,3/11/2019,MACHETE CHERRY CREEK,Food & Drink,Sale,-20.28
3/9/2019,3/11/2019,COSTCO WHSE #0439,Shopping,Sale,-85.05
3/9/2019,3/11/2019,GARBANZO MED GRILL,Food & Drink,Sale,-11.34
3/7/2019,3/10/2019,ADELITAS COCINA Y CANTINA,Food & Drink,Sale,-15.91
3/9/2019,3/10/2019,Payment Thank You-Mobile,,Payment,300
3/9/2019,3/10/2019,KING SOOPERS 0124,Groceries,Sale,-2.29
3/5/2019,3/7/2019,KING SOOPERS 0124,Groceries,Sale,-21.14
3/5/2019,3/6/2019,MACHETTE TEQUILA  TACOS C,Food & Drink,Sale,-17.58
3/3/2019,3/5/2019,SCRATCH BURRITO AND HAPPY,Food & Drink,Sale,-12.92
3/4/2019,3/5/2019,LITTLE INDIA 6TH,Food & Drink,Sale,-22.3
3/2/2019,3/4/2019,LEELA EUROPEAN CAFE,Food & Drink,Sale,-12
3/2/2019,3/4/2019,SHELLS AND SAUCE,Food & Drink,Sale,-25.01
3/2/2019,3/3/2019,Payment Thank You-Mobile,,Payment,40.05
3/2/2019,3/3/2019,THE MARKET RESTAURANT,Food & Drink,Sale,-6.81
3/1/2019,3/3/2019,TST* SAM S NO. 3 - GLENDA,Food & Drink,Sale,-14.03
3/2/2019,3/3/2019,KING SOOPERS 0124,Groceries,Sale,-20.39
3/2/2019,3/3/2019,ILLEGAL PETES INC,Food & Drink,Sale,-10
2/28/2019,3/1/2019,HLDMYTKT THE ORIENTAL,Entertainment,Sale,-11.55
2/27/2019,3/1/2019,STINKER #314,Gas,Sale,-20
2/26/2019,2/28/2019,KING SOOPERS 0124,Groceries,Sale,-7.24
2/26/2019,2/27/2019,MACHETTE TEQUILA,Food & Drink,Sale,-20.9
2/25/2019,2/26/2019,TST* BROADWAY MARKET,Food & Drink,Sale,-15.51
2/23/2019,2/24/2019,COSTCO WHSE #0439,Shopping,Sale,-104.29
2/23/2019,2/24/2019,KING SOOPERS 0124,Groceries,Sale,-6.32
2/22/2019,2/24/2019,AJINOYA RAMEN,Food & Drink,Sale,-19.66
2/23/2019,2/24/2019,Payment Thank You-Mobile,,Payment,300
2/21/2019,2/21/2019,FOREIGN TRANSACTION FEE,,Fee,-0.24
2/19/2019,2/21/2019,Mathus,Food & Drink,Sale,-8.28
2/19/2019,2/21/2019,KING SOOPERS 0124,Groceries,Sale,-37.79
2/19/2019,2/20/2019,STEUBENS 17TH,Food & Drink,Sale,-49.96
2/20/2019,2/20/2019,FOREIGN TRANSACTION FEE,,Fee,-1.52
2/8/2019,2/20/2019,MIJE,Travel,Sale,-50.98
2/20/2019,2/20/2019,FOREIGN TRANSACTION FEE,,Fee,-0.41
2/19/2019,2/20/2019,Free Flow Atlantic-Euro,Food & Drink,Sale,-13.94
2/19/2019,2/19/2019,FOREIGN TRANSACTION FEE,,Fee,-0.34
2/18/2019,2/19/2019,STE CHAPELLE    2322726,Bills & Utilities,Sale,-11.34
2/19/2019,2/19/2019,FOREIGN TRANSACTION FEE,,Fee,-1.15
2/18/2019,2/19/2019,LA JACOBINE,Food & Drink,Sale,-38.54
2/18/2019,2/18/2019,FOREIGN TRANSACTION FEE,,Fee,-0.12
2/17/2019,2/18/2019,RATP,Travel,Sale,-4.13
2/18/2019,2/18/2019,FOREIGN TRANSACTION FEE,,Fee,-0.4
2/16/2019,2/18/2019,MUSEE ARMEE AUT 2310447,Bills & Utilities,Sale,-13.58
2/18/2019,2/18/2019,FOREIGN TRANSACTION FEE,,Fee,-0.67
2/17/2019,2/18/2019,CHAT.VERSAILLES 4312135,Bills & Utilities,Sale,-22.63
2/17/2019,2/17/2019,FOREIGN TRANSACTION FEE,,Fee,-0.03
2/16/2019,2/17/2019,NYA*CHR DA,Groceries,Sale,-1.13
2/17/2019,2/17/2019,FOREIGN TRANSACTION FEE,,Fee,-2.94
2/15/2019,2/17/2019,THE LOFT HOSTEL,Travel,Sale,-98.26
2/14/2019,2/15/2019,HOSTEL WORLD,Travel,Sale,-18.1
2/13/2019,2/13/2019,FOREIGN TRANSACTION FEE,,Fee,-0.15
2/11/2019,2/13/2019,STARBUCKS COFFEE,Food & Drink,Sale,-5.05
2/12/2019,2/12/2019,FOREIGN TRANSACTION FEE,,Fee,-0.3
2/11/2019,2/12/2019,PANTHEON        2322383,Bills & Utilities,Sale,-10.2
2/11/2019,2/11/2019,FOREIGN TRANSACTION FEE,,Fee,-0.51
2/10/2019,2/11/2019,EPML DE DAB AUT 2327964,Bills & Utilities,Sale,-17.03
2/10/2019,2/10/2019,FOREIGN TRANSACTION FEE,,Fee,-0.21
2/9/2019,2/10/2019,Free Flow Atlantic-Euro,Food & Drink,Sale,-7.23
2/10/2019,2/10/2019,FOREIGN TRANSACTION FEE,,Fee,-0.17
2/9/2019,2/10/2019,PDP 3644 FORUM M,Food & Drink,Sale,-5.68
2/7/2019,2/8/2019,KING SOOPERS 0124,Groceries,Sale,-29.49
2/6/2019,2/7/2019,PHO ON 6,Food & Drink,Sale,-17.96
2/5/2019,2/7/2019,FLOYDS 99 BARBERSHOP,Personal,Sale,-29.5
2/6/2019,2/7/2019,TST* SAM S NO. 3 - GLENDA,Food & Drink,Sale,-12.95
2/4/2019,2/5/2019,KING SOOPERS 0021,Groceries,Sale,-20.73
2/3/2019,2/4/2019,MACHETTE TEQUILA,Food & Drink,Sale,-8
2/3/2019,2/4/2019,WAL-MART #3533,Groceries,Sale,-2.89
2/3/2019,2/4/2019,WAL-MART #3533,Groceries,Sale,-3.66
2/1/2019,2/3/2019,SQ *CORNER OF GOURMET,Food & Drink,Sale,-10
1/31/2019,2/1/2019,PHO ON 6,Food & Drink,Sale,-18.8
1/31/2019,2/1/2019,ILLEGAL PETES INC,Food & Drink,Sale,-9.48
1/29/2019,1/31/2019,KING SOOPERS 0124,Groceries,Sale,-26.78
1/30/2019,1/31/2019,HOSTEL WORLD,Travel,Sale,-9.6
1/30/2019,1/31/2019,KING SOOPERS 0724 FUEL,Gas,Sale,-18.5
1/30/2019,1/31/2019,TST* SAM S NO. 3 - GLENDA,Food & Drink,Sale,-12.95
1/28/2019,1/29/2019,KALADI COFFEE CO,Food & Drink,Sale,-4
1/27/2019,1/28/2019,KING SOOPERS 0124,Groceries,Sale,-4.13
1/27/2019,1/28/2019,MACHETTE TEQUILA,Food & Drink,Sale,-36
